animation_name,frame,fov
m53020_000_2.cmt,0,0.3302067220211029
m53020_000_2.cmt,1,0.32981380820274353
m53020_000_2.cmt,2,0.3294209837913513
m53020_000_2.cmt,3,0.3290282189846039
m53020_000_2.cmt,4,0.32863548398017883
m53020_000_2.cmt,5,0.32824277877807617
m53020_000_2.cmt,6,0.3278501331806183
m53020_000_2.cmt,7,0.3274575471878052
m53020_000_2.cmt,8,0.32706499099731445
m53020_000_2.cmt,9,0.3266725242137909
m53020_000_2.cmt,10,0.3262800872325897
m53020_000_2.cmt,11,0.3258877098560333
m53020_000_2.cmt,12,0.3254954218864441
m53020_000_2.cmt,13,0.32510316371917725
m53020_000_2.cmt,14,0.3247109055519104
m53020_000_2.cmt,15,0.3243187367916107
m53020_000_2.cmt,16,0.3239265978336334
m53020_000_2.cmt,17,0.3235344886779785
m53020_000_2.cmt,18,0.3231424391269684
m53020_000_2.cmt,19,0.3227504789829254
m53020_000_2.cmt,20,0.32235854864120483
m53020_000_2.cmt,21,0.32196664810180664
m53020_000_2.cmt,22,0.3215748369693756
m53020_000_2.cmt,23,0.32118305563926697
m53020_000_2.cmt,24,0.3207913041114807
m53020_000_2.cmt,25,0.32039961218833923
m53020_000_2.cmt,26,0.3200080096721649
m53020_000_2.cmt,27,0.319616436958313
m53020_000_2.cmt,28,0.31922489404678345
m53020_000_2.cmt,29,0.3188334107398987
m53020_000_2.cmt,30,0.3184419274330139
m53020_000_2.cmt,31,0.3180505037307739
m53020_000_2.cmt,32,0.3176591992378235
m53020_000_2.cmt,33,0.3172679841518402
m53020_000_2.cmt,34,0.31687667965888977
m53020_000_2.cmt,35,0.31648552417755127
m53020_000_2.cmt,36,0.31609436869621277
m53020_000_2.cmt,37,0.31570327281951904
m53020_000_2.cmt,38,0.3153122663497925
m53020_000_2.cmt,39,0.31492123007774353
m53020_000_2.cmt,40,0.31453028321266174
m53020_000_2.cmt,41,0.31413936614990234
m53020_000_2.cmt,42,0.3137485086917877
m53020_000_2.cmt,43,0.31335771083831787
m53020_000_2.cmt,44,0.3129669725894928
m53020_000_2.cmt,45,0.3125762641429901
m53020_000_2.cmt,46,0.3121856153011322
m53020_000_2.cmt,47,0.31179505586624146
m53020_000_2.cmt,48,0.3114044666290283
m53020_000_2.cmt,49,0.31101396679878235
m53020_000_2.cmt,50,0.3106234669685364
m53020_000_2.cmt,51,0.31023305654525757
m53020_000_2.cmt,52,0.30984270572662354
m53020_000_2.cmt,53,0.3094523549079895
m53020_000_2.cmt,54,0.30906209349632263
m53020_000_2.cmt,55,0.30867186188697815
m53020_000_2.cmt,56,0.30828166007995605
m53020_000_2.cmt,57,0.3078915476799011
m53020_000_2.cmt,58,0.3075014352798462
m53020_000_2.cmt,59,0.30711138248443604
m53020_000_2.cmt,60,0.30672141909599304
m53020_000_2.cmt,61,0.3063315153121948
m53020_000_2.cmt,62,0.305941641330719
m53020_000_2.cmt,63,0.3055517375469208
m53020_000_2.cmt,64,0.3051619529724121
m53020_000_2.cmt,65,0.30477219820022583
m53020_000_2.cmt,66,0.3043825030326843
m53020_000_2.cmt,67,0.3039928376674652
m53020_000_2.cmt,68,0.3036032021045685
m53020_000_2.cmt,69,0.30321362614631653
m53020_000_2.cmt,70,0.30282413959503174
m53020_000_2.cmt,71,0.30243465304374695
m53020_000_2.cmt,72,0.30204519629478455
m53020_000_2.cmt,73,0.3016558587551117
m53020_000_2.cmt,74,0.30126649141311646
m53020_000_2.cmt,75,0.3008772134780884
m53020_000_2.cmt,76,0.3004879951477051
m53020_000_2.cmt,77,0.30009880661964417
m53020_000_2.cmt,78,0.29970964789390564
m53020_000_2.cmt,79,0.2993205487728119
m53020_000_2.cmt,80,0.2989314794540405
m53020_000_2.cmt,81,0.29854246973991394
m53020_000_2.cmt,82,0.29815348982810974
m53020_000_2.cmt,83,0.2977645695209503
m53020_000_2.cmt,84,0.29737570881843567
m53020_000_2.cmt,85,0.2969869077205658
m53020_000_2.cmt,86,0.29659804701805115
m53020_000_2.cmt,87,0.29620933532714844
m53020_000_2.cmt,88,0.2958206832408905
m53020_000_2.cmt,89,0.29543203115463257
m53020_000_2.cmt,90,0.29504337906837463
m53020_000_2.cmt,91,0.29465484619140625
m53020_000_2.cmt,92,0.29426631331443787
m53020_000_2.cmt,93,0.29387789964675903
m53020_000_2.cmt,94,0.2934894561767578
m53020_000_2.cmt,95,0.293101042509079
m53020_000_2.cmt,96,0.2927127778530121
m53020_000_2.cmt,97,0.2923244833946228
m53020_000_2.cmt,98,0.2919362187385559
m53020_000_2.cmt,99,0.2915480434894562
m53020_000_2.cmt,100,0.29115986824035645
m53020_000_2.cmt,101,0.2907717823982239
m53020_000_2.cmt,102,0.2903836965560913
m53020_000_2.cmt,103,0.2899957001209259
m53020_000_2.cmt,104,0.2896077036857605
m53020_000_2.cmt,105,0.28921979665756226
m53020_000_2.cmt,106,0.288831889629364
m53020_000_2.cmt,107,0.28844404220581055
m53020_000_2.cmt,108,0.28805625438690186
m53020_000_2.cmt,109,0.28766852617263794
m53020_000_2.cmt,110,0.2872808277606964
m53020_000_2.cmt,111,0.28689315915107727
m53020_000_2.cmt,112,0.2865055799484253
m53020_000_2.cmt,113,0.2861179709434509
m53020_000_2.cmt,114,0.2857304513454437
m53020_000_2.cmt,115,0.2853429615497589
m53020_000_2.cmt,116,0.2849555015563965
m53020_000_2.cmt,117,0.28456810116767883
m53020_000_2.cmt,118,0.28418073058128357
m53020_000_2.cmt,119,0.2837934195995331
m53020_000_2.cmt,120,0.28340616822242737
m53020_000_2.cmt,121,0.28301894664764404
m53020_000_2.cmt,122,0.2826317250728607
m53020_000_2.cmt,123,0.28224462270736694
m53020_000_2.cmt,124,0.28185752034187317
m53020_000_2.cmt,125,0.28147050738334656
m53020_000_2.cmt,126,0.28108346462249756
m53020_000_2.cmt,127,0.2806965112686157
m53020_000_2.cmt,128,0.2803095877170563
m53020_000_2.cmt,129,0.2799226641654968
m53020_000_2.cmt,130,0.27953585982322693
m53020_000_2.cmt,131,0.27914905548095703
m53020_000_2.cmt,132,0.2787623107433319
m53020_000_2.cmt,133,0.27837562561035156
m53020_000_2.cmt,134,0.2779889404773712
m53020_000_2.cmt,135,0.27760231494903564
m53020_000_2.cmt,136,0.27721571922302246
m53020_000_2.cmt,137,0.27682915329933167
m53020_000_2.cmt,138,0.2764427065849304
m53020_000_2.cmt,139,0.2760562300682068
m53020_000_2.cmt,140,0.27566981315612793
m53020_000_2.cmt,141,0.27528345584869385
m53020_000_2.cmt,142,0.27489715814590454
m53020_000_2.cmt,143,0.27451086044311523
m53020_000_2.cmt,144,0.2741245925426483
m53020_000_2.cmt,145,0.27373838424682617
m53020_000_2.cmt,146,0.2733522355556488
m53020_000_2.cmt,147,0.2729661166667938
m53020_000_2.cmt,148,0.27258002758026123
m53020_000_2.cmt,149,0.2721939980983734
m53020_000_2.cmt,150,0.271807998418808
m53020_000_2.cmt,151,0.27142205834388733
m53020_000_2.cmt,152,0.2710361182689667
m53020_000_2.cmt,153,0.2706502676010132
m53020_000_2.cmt,154,0.2702644467353821
m53020_000_2.cmt,155,0.269878625869751
m53020_000_2.cmt,156,0.2694929242134094
m53020_000_2.cmt,157,0.26910722255706787
m53020_000_2.cmt,158,0.2687215507030487
m53020_000_2.cmt,159,0.2683359384536743
m53020_000_2.cmt,160,0.2679503560066223
m53020_000_2.cmt,161,0.2675648033618927
m53020_000_2.cmt,162,0.26717931032180786
m53020_000_2.cmt,163,0.2667938470840454
m53020_000_2.cmt,164,0.26640844345092773
m53020_000_2.cmt,165,0.26602303981781006
m53020_000_2.cmt,166,0.26563772559165955
m53020_000_2.cmt,167,0.26525241136550903
m53020_000_2.cmt,168,0.2648671567440033
m53020_000_2.cmt,169,0.26448196172714233
m53020_000_2.cmt,170,0.26409679651260376
m53020_000_2.cmt,171,0.2637116611003876
m53020_000_2.cmt,172,0.2633265554904938
m53020_000_2.cmt,173,0.26294150948524475
m53020_000_2.cmt,174,0.2625564932823181
m53020_000_2.cmt,175,0.26217150688171387
m53020_000_2.cmt,176,0.2617866098880768
m53020_000_2.cmt,177,0.2614017128944397
m53020_000_2.cmt,178,0.261016845703125
m53020_000_2.cmt,179,0.2606320381164551
m53020_000_2.cmt,180,0.26024723052978516
m53020_000_2.cmt,181,0.2598625123500824
m53020_000_2.cmt,182,0.259477823972702
m53020_000_2.cmt,183,0.25909319519996643
m53020_000_2.cmt,184,0.25870856642723083
m53020_000_2.cmt,185,0.25832399725914
m53020_000_2.cmt,186,0.2579394578933716
m53020_000_2.cmt,187,0.25755494832992554
m53020_000_2.cmt,188,0.25717049837112427
m53020_000_2.cmt,189,0.2567860782146454
m53020_000_2.cmt,190,0.2564017176628113
m53020_000_2.cmt,191,0.2560173571109772
m53020_000_2.cmt,192,0.25563305616378784
m53020_000_2.cmt,193,0.2552487552165985
m53020_000_2.cmt,194,0.25486457347869873
m53020_000_2.cmt,195,0.25448039174079895
m53020_000_2.cmt,196,0.25409623980522156
m53020_000_2.cmt,197,0.25371214747428894
m53020_000_2.cmt,198,0.2533280849456787
m53020_000_2.cmt,199,0.25294405221939087
m53020_000_2.cmt,200,0.2525600492954254
m53020_000_2.cmt,201,0.25217607617378235
m53020_000_2.cmt,202,0.25179219245910645
m53020_000_2.cmt,203,0.25140830874443054
m53020_000_2.cmt,204,0.2510244846343994
m53020_000_2.cmt,205,0.2506406903266907
m53020_000_2.cmt,206,0.2502569258213043
m53020_000_2.cmt,207,0.24987317621707916
m53020_000_2.cmt,208,0.24948950111865997
m53020_000_2.cmt,209,0.24910582602024078
m53020_000_2.cmt,210,0.24872222542762756
m53020_000_2.cmt,211,0.24833868443965912
m53020_000_2.cmt,212,0.2479551136493683
m53020_000_2.cmt,213,0.24757161736488342
m53020_000_2.cmt,214,0.24718818068504333
m53020_000_2.cmt,215,0.24680475890636444
m53020_000_2.cmt,216,0.24642135202884674
m53020_000_2.cmt,217,0.246038019657135
m53020_000_2.cmt,218,0.24565473198890686
m53020_000_2.cmt,219,0.2452714592218399
m53020_000_2.cmt,220,0.24488821625709534
m53020_000_2.cmt,221,0.24450501799583435
m53020_000_2.cmt,222,0.24412187933921814
m53020_000_2.cmt,223,0.24373874068260193
m53020_000_2.cmt,224,0.2433556467294693
m53020_000_2.cmt,225,0.24297261238098145
m53020_000_2.cmt,226,0.24258959293365479
m53020_000_2.cmt,227,0.2422066330909729
m53020_000_2.cmt,228,0.2418236881494522
m53020_000_2.cmt,229,0.2414407879114151
m53020_000_2.cmt,230,0.24105791747570038
m53020_000_2.cmt,231,0.24067509174346924
m53020_000_2.cmt,232,0.24029232561588287
m53020_000_2.cmt,233,0.2399095594882965
m53020_000_2.cmt,234,0.23952682316303253
m53020_000_2.cmt,235,0.23914416134357452
m53020_000_2.cmt,236,0.2387615144252777
m53020_000_2.cmt,237,0.23837892711162567
m53020_000_2.cmt,238,0.23799635469913483
m53020_000_2.cmt,239,0.23799635469913483
m53020_000_2.cmt,240,0.23751208186149597
m53020_000_2.cmt,241,0.2370278686285019
m53020_000_2.cmt,242,0.2365437000989914
m53020_000_2.cmt,243,0.23605960607528687
m53020_000_2.cmt,244,0.2355755865573883
m53020_000_2.cmt,245,0.23509162664413452
m53020_000_2.cmt,246,0.23460769653320312
m53020_000_2.cmt,247,0.2341238260269165
m53020_000_2.cmt,248,0.23364001512527466
m53020_000_2.cmt,249,0.2331562489271164
m53020_000_2.cmt,250,0.2326725423336029
m53020_000_2.cmt,251,0.23218891024589539
m53020_000_2.cmt,252,0.23170533776283264
m53020_000_2.cmt,253,0.23122180998325348
m53020_000_2.cmt,254,0.23073835670948029
m53020_000_2.cmt,255,0.23025493323802948
m53020_000_2.cmt,256,0.22977156937122345
m53020_000_2.cmt,257,0.2292882651090622
m53020_000_2.cmt,258,0.2288050353527069
m53020_000_2.cmt,259,0.2283218502998352
m53020_000_2.cmt,260,0.22783870995044708
m53020_000_2.cmt,261,0.22735562920570374
m53020_000_2.cmt,262,0.22687259316444397
m53020_000_2.cmt,263,0.22638963162899017
m53020_000_2.cmt,264,0.22590674459934235
m53020_000_2.cmt,265,0.2254238724708557
m53020_000_2.cmt,266,0.22494105994701385
m53020_000_2.cmt,267,0.22445832192897797
m53020_000_2.cmt,268,0.22397559881210327
m53020_000_2.cmt,269,0.22349296510219574
m53020_000_2.cmt,270,0.22301039099693298
m53020_000_2.cmt,271,0.2225278615951538
m53020_000_2.cmt,272,0.2220453917980194
m53020_000_2.cmt,273,0.2215629667043686
m53020_000_2.cmt,274,0.22108058631420135
m53020_000_2.cmt,275,0.2205982804298401
m53020_000_2.cmt,276,0.22011598944664001
m53020_000_2.cmt,277,0.21963383257389069
m53020_000_2.cmt,278,0.21915166079998016
m53020_000_2.cmt,279,0.21866954863071442
m53020_000_2.cmt,280,0.21818749606609344
m53020_000_2.cmt,281,0.21770548820495605
m53020_000_2.cmt,282,0.21722356975078583
m53020_000_2.cmt,283,0.216741681098938
m53020_000_2.cmt,284,0.21625983715057373
m53020_000_2.cmt,285,0.21577805280685425
m53020_000_2.cmt,286,0.21529632806777954
m53020_000_2.cmt,287,0.21481463313102722
m53020_000_2.cmt,288,0.21433299779891968
m53020_000_2.cmt,289,0.21385140717029572
m53020_000_2.cmt,290,0.21336990594863892
m53020_000_2.cmt,291,0.2128884345293045
m53020_000_2.cmt,292,0.21240702271461487
m53020_000_2.cmt,293,0.21192564070224762
m53020_000_2.cmt,294,0.21144430339336395
m53020_000_2.cmt,295,0.21096305549144745
m53020_000_2.cmt,296,0.21048183739185333
m53020_000_2.cmt,297,0.210000678896904
m53020_000_2.cmt,298,0.20951955020427704
m53020_000_2.cmt,299,0.20903849601745605
m53020_000_2.cmt,300,0.20855747163295746
m53020_000_2.cmt,301,0.20807653665542603
m53020_000_2.cmt,302,0.20759563148021698
m53020_000_2.cmt,303,0.20711475610733032
m53020_000_2.cmt,304,0.20663394033908844
m53020_000_2.cmt,305,0.20615318417549133
m53020_000_2.cmt,306,0.2056724578142166
m53020_000_2.cmt,307,0.20519179105758667
m53020_000_2.cmt,308,0.2047111988067627
m53020_000_2.cmt,309,0.2042306512594223
m53020_000_2.cmt,310,0.2037501186132431
m53020_000_2.cmt,311,0.20326967537403107
m53020_000_2.cmt,312,0.20278924703598022
m53020_000_2.cmt,313,0.20230887830257416
m53020_000_2.cmt,314,0.20182855427265167
m53020_000_2.cmt,315,0.20134830474853516
m53020_000_2.cmt,316,0.20086808502674103
m53020_000_2.cmt,317,0.20038791000843048
m53020_000_2.cmt,318,0.19990776479244232
m53020_000_2.cmt,319,0.1994277387857437
m53020_000_2.cmt,320,0.1989477127790451
m53020_000_2.cmt,321,0.19846773147583008
m53020_000_2.cmt,322,0.19798779487609863
m53020_000_2.cmt,323,0.19750793278217316
m53020_000_2.cmt,324,0.19702807068824768
m53020_000_2.cmt,325,0.07188877463340759
m53020_000_2.cmt,326,0.07181994616985321
m53020_000_2.cmt,327,0.07175110280513763
m53020_000_2.cmt,328,0.07168226689100266
m53020_000_2.cmt,329,0.07161342352628708
m53020_000_2.cmt,330,0.0715445801615715
m53020_000_2.cmt,331,0.07147574424743652
m53020_000_2.cmt,332,0.07140691578388214
m53020_000_2.cmt,333,0.07133807241916656
m53020_000_2.cmt,334,0.07126922905445099
m53020_000_2.cmt,335,0.0712004005908966
m53020_000_2.cmt,336,0.07113156467676163
m53020_000_2.cmt,337,0.07106271386146545
m53020_000_2.cmt,338,0.07099388539791107
m53020_000_2.cmt,339,0.0709250420331955
m53020_000_2.cmt,340,0.07085620611906052
m53020_000_2.cmt,341,0.07078737020492554
m53020_000_2.cmt,342,0.07071854174137115
m53020_000_2.cmt,343,0.07064969837665558
m53020_000_2.cmt,344,0.0705808624625206
m53020_000_2.cmt,345,0.07051203399896622
m53020_000_2.cmt,346,0.07044318318367004
m53020_000_2.cmt,347,0.07037436962127686
m53020_000_2.cmt,348,0.07030553370714188
m53020_000_2.cmt,349,0.0702367052435875
m53020_000_2.cmt,350,0.07016786932945251
m53020_000_2.cmt,351,0.07009903341531754
m53020_000_2.cmt,352,0.07003021240234375
m53020_000_2.cmt,353,0.06996136903762817
m53020_000_2.cmt,354,0.0698925331234932
m53020_000_2.cmt,355,0.06982371211051941
m53020_000_2.cmt,356,0.06975488364696503
m53020_000_2.cmt,357,0.06968604773283005
m53020_000_2.cmt,358,0.06961721181869507
m53020_000_2.cmt,359,0.06954839080572128
m53020_000_2.cmt,360,0.0694795623421669
m53020_000_2.cmt,361,0.06941073387861252
m53020_000_2.cmt,362,0.06934190541505814
m53020_000_2.cmt,363,0.06927307695150375
m53020_000_2.cmt,364,0.06920424848794937
m53020_000_2.cmt,365,0.06913542002439499
m53020_000_2.cmt,366,0.0690665990114212
m53020_000_2.cmt,367,0.06899777054786682
m53020_000_2.cmt,368,0.06892894208431244
m53020_000_2.cmt,369,0.06886011362075806
m53020_000_2.cmt,370,0.06879129260778427
m53020_000_2.cmt,371,0.06872246414422989
m53020_000_2.cmt,372,0.0686536431312561
m53020_000_2.cmt,373,0.06858481466770172
m53020_000_2.cmt,374,0.06851599365472794
m53020_000_2.cmt,375,0.06844717264175415
m53020_000_2.cmt,376,0.06837834417819977
m53020_000_2.cmt,377,0.06830953061580658
m53020_000_2.cmt,378,0.0682407021522522
m53020_000_2.cmt,379,0.06817188858985901
m53020_000_2.cmt,380,0.06810305267572403
m53020_000_2.cmt,381,0.06803423166275024
m53020_000_2.cmt,382,0.06796541810035706
m53020_000_2.cmt,383,0.06789658963680267
m53020_000_2.cmt,384,0.06782777607440948
m53020_000_2.cmt,385,0.0677589550614357
m53020_000_2.cmt,386,0.06769011914730072
m53020_000_2.cmt,387,0.06762131303548813
m53020_000_2.cmt,388,0.06755249202251434
m53020_000_2.cmt,389,0.06748367846012115
m53020_000_2.cmt,390,0.06741486489772797
m53020_000_2.cmt,391,0.06734604388475418
m53020_000_2.cmt,392,0.06727723032236099
m53020_000_2.cmt,393,0.06720840185880661
m53020_000_2.cmt,394,0.06713958829641342
m53020_000_2.cmt,395,0.06707076728343964
m53020_000_2.cmt,396,0.06700195372104645
m53020_000_2.cmt,397,0.06693313270807266
m53020_000_2.cmt,398,0.06686431914567947
m53020_000_2.cmt,399,0.06679550558328629
m53020_000_2.cmt,400,0.0667266845703125
m53020_000_2.cmt,401,0.06665787845849991
m53020_000_2.cmt,402,0.06658906489610672
m53020_000_2.cmt,403,0.06652025133371353
m53020_000_2.cmt,404,0.06645143777132034
m53020_000_2.cmt,405,0.06638262420892715
m53020_000_2.cmt,406,0.06631381064653397
m53020_000_2.cmt,407,0.06624499708414078
m53020_000_2.cmt,408,0.06617618352174759
m53020_000_2.cmt,409,0.0661073699593544
m53020_000_2.cmt,410,0.06603855639696121
m53020_000_2.cmt,411,0.06596974283456802
m53020_000_2.cmt,412,0.06590093672275543
m53020_000_2.cmt,413,0.06583213806152344
m53020_000_2.cmt,414,0.06576331704854965
m53020_000_2.cmt,415,0.06569451093673706
m53020_000_2.cmt,416,0.06562568992376328
m53020_000_2.cmt,417,0.06555689126253128
m53020_000_2.cmt,418,0.06548807770013809
m53020_000_2.cmt,419,0.0654192715883255
m53020_000_2.cmt,420,0.06535045802593231
m53020_000_2.cmt,421,0.06528165191411972
m53020_000_2.cmt,422,0.06521284580230713
m53020_000_2.cmt,423,0.06514403969049454
m53020_000_2.cmt,424,0.06507522612810135
m53020_000_2.cmt,425,0.06500642746686935
m53020_000_2.cmt,426,0.06493762135505676
m53020_000_2.cmt,427,0.06486881524324417
m53020_000_2.cmt,428,0.22789236903190613
m53020_000_2.cmt,429,0.22789238393306732
m53020_000_2.cmt,430,0.22789238393306732
m53020_000_2.cmt,431,0.22789238393306732
m53020_000_2.cmt,432,0.22789238393306732
m53020_000_2.cmt,433,0.22789238393306732
m53020_000_2.cmt,434,0.22789238393306732
m53020_000_2.cmt,435,0.22789238393306732
m53020_000_2.cmt,436,0.22789238393306732
m53020_000_2.cmt,437,0.22789238393306732
m53020_000_2.cmt,438,0.22789238393306732
m53020_000_2.cmt,439,0.22789238393306732
m53020_000_2.cmt,440,0.22789238393306732
m53020_000_2.cmt,441,0.22789238393306732
m53020_000_2.cmt,442,0.22789238393306732
m53020_000_2.cmt,443,0.22789238393306732
m53020_000_2.cmt,444,0.22789238393306732
m53020_000_2.cmt,445,0.22789238393306732
m53020_000_2.cmt,446,0.22789238393306732
m53020_000_2.cmt,447,0.22789238393306732
m53020_000_2.cmt,448,0.22789238393306732
m53020_000_2.cmt,449,0.22789238393306732
m53020_000_2.cmt,450,0.22789238393306732
m53020_000_2.cmt,451,0.22789238393306732
m53020_000_2.cmt,452,0.22789238393306732
m53020_000_2.cmt,453,0.22789238393306732
m53020_000_2.cmt,454,0.22789238393306732
m53020_000_2.cmt,455,0.22789238393306732
m53020_000_2.cmt,456,0.22789238393306732
m53020_000_2.cmt,457,0.22789238393306732
m53020_000_2.cmt,458,0.22789238393306732
m53020_000_2.cmt,459,0.22789238393306732
m53020_000_2.cmt,460,0.22789238393306732
m53020_000_2.cmt,461,0.22789238393306732
m53020_000_2.cmt,462,0.22789238393306732
m53020_000_2.cmt,463,0.22789238393306732
m53020_000_2.cmt,464,0.22789238393306732
m53020_000_2.cmt,465,0.22789238393306732
m53020_000_2.cmt,466,0.22789238393306732
m53020_000_2.cmt,467,0.22789238393306732
m53020_000_2.cmt,468,0.22789238393306732
m53020_000_2.cmt,469,0.22789238393306732
m53020_000_2.cmt,470,0.22789238393306732
m53020_000_2.cmt,471,0.22789238393306732
m53020_000_2.cmt,472,0.22789238393306732
m53020_000_2.cmt,473,0.22789238393306732
m53020_000_2.cmt,474,0.22789238393306732
m53020_000_2.cmt,475,0.22789238393306732
m53020_000_2.cmt,476,0.22789238393306732
m53020_000_2.cmt,477,0.22789238393306732
m53020_000_2.cmt,478,0.22789238393306732
m53020_000_2.cmt,479,0.22789238393306732
m53020_000_2.cmt,480,0.22789238393306732
m53020_000_2.cmt,481,0.22789238393306732
m53020_000_2.cmt,482,0.22789238393306732
m53020_000_2.cmt,483,0.22789238393306732
m53020_000_2.cmt,484,0.22789238393306732
m53020_000_2.cmt,485,0.22789238393306732
m53020_000_2.cmt,486,0.22789238393306732
m53020_000_2.cmt,487,0.22789238393306732
m53020_000_2.cmt,488,0.22789238393306732
m53020_000_2.cmt,489,0.22789238393306732
m53020_000_2.cmt,490,0.22789238393306732
m53020_000_2.cmt,491,0.22789238393306732
m53020_000_2.cmt,492,0.22789238393306732
m53020_000_2.cmt,493,0.22789238393306732
m53020_000_2.cmt,494,0.22789238393306732
m53020_000_2.cmt,495,0.22789238393306732
m53020_000_2.cmt,496,0.22789238393306732
m53020_000_2.cmt,497,0.22789238393306732
m53020_000_2.cmt,498,0.22789238393306732
m53020_000_2.cmt,499,0.22789238393306732
m53020_000_2.cmt,500,0.22789238393306732
m53020_000_2.cmt,501,0.22789238393306732
m53020_000_2.cmt,502,0.22789238393306732
m53020_000_2.cmt,503,0.22789238393306732
m53020_000_2.cmt,504,0.22789238393306732
m53020_000_2.cmt,505,0.22789238393306732
m53020_000_2.cmt,506,0.22789238393306732
m53020_000_2.cmt,507,0.22789238393306732
m53020_000_2.cmt,508,0.22789238393306732
m53020_000_2.cmt,509,0.22789238393306732
m53020_000_2.cmt,510,0.22789238393306732
m53020_000_2.cmt,511,0.22789238393306732
m53020_000_2.cmt,512,0.22789238393306732
m53020_000_2.cmt,513,0.22789238393306732
m53020_000_2.cmt,514,0.22789238393306732
m53020_000_2.cmt,515,0.22789238393306732
m53020_000_2.cmt,516,0.22789238393306732
m53020_000_2.cmt,517,0.22789238393306732
m53020_000_2.cmt,518,0.22789238393306732
m53020_000_2.cmt,519,0.22789238393306732
m53020_000_2.cmt,520,0.22789238393306732
m53020_000_2.cmt,521,0.22789238393306732
m53020_000_2.cmt,522,0.22789238393306732
m53020_000_2.cmt,523,0.22789238393306732
m53020_000_2.cmt,524,0.22789238393306732
m53020_000_2.cmt,525,0.22789238393306732
m53020_000_2.cmt,526,0.22789238393306732
m53020_000_2.cmt,527,0.22789238393306732
m53020_000_2.cmt,528,0.22789238393306732
m53020_000_2.cmt,529,0.22789238393306732
m53020_000_2.cmt,530,0.22789238393306732
m53020_000_2.cmt,531,0.22789238393306732
m53020_000_2.cmt,532,0.22789238393306732
m53020_000_2.cmt,533,0.22789238393306732
m53020_000_2.cmt,534,0.22789238393306732
m53020_000_2.cmt,535,0.22789238393306732
m53020_000_2.cmt,536,0.22789238393306732
m53020_000_2.cmt,537,0.22789238393306732
m53020_000_2.cmt,538,0.22789238393306732
m53020_000_2.cmt,539,0.22789238393306732
m53020_000_2.cmt,540,0.22789238393306732
m53020_000_2.cmt,541,0.22789238393306732
m53020_000_2.cmt,542,0.22789238393306732
m53020_000_2.cmt,543,0.22789238393306732
m53020_000_2.cmt,544,0.22789238393306732
m53020_000_2.cmt,545,0.22789238393306732
m53020_000_2.cmt,546,0.22789238393306732
m53020_000_2.cmt,547,0.22789238393306732
m53020_000_2.cmt,548,0.22789238393306732
m53020_000_2.cmt,549,0.22789238393306732
m53020_000_2.cmt,550,0.22789238393306732
m53020_000_2.cmt,551,0.22789238393306732
m53020_000_2.cmt,552,0.22789238393306732
m53020_000_2.cmt,553,0.22789238393306732
m53020_000_2.cmt,554,0.22789238393306732
m53020_000_2.cmt,555,0.22789238393306732
m53020_000_2.cmt,556,0.22789238393306732
m53020_000_2.cmt,557,0.22789238393306732
m53020_000_2.cmt,558,0.22789238393306732
m53020_000_2.cmt,559,0.22789238393306732
m53020_000_2.cmt,560,0.22789238393306732
m53020_000_2.cmt,561,0.45782235264778137
m53020_000_2.cmt,562,0.45782235264778137
m53020_000_2.cmt,563,0.45782235264778137
m53020_000_2.cmt,564,0.45782235264778137
m53020_000_2.cmt,565,0.45782235264778137
m53020_000_2.cmt,566,0.45782235264778137
m53020_000_2.cmt,567,0.45782235264778137
m53020_000_2.cmt,568,0.45782235264778137
m53020_000_2.cmt,569,0.45782235264778137
m53020_000_2.cmt,570,0.45782235264778137
m53020_000_2.cmt,571,0.45782235264778137
m53020_000_2.cmt,572,0.45782235264778137
m53020_000_2.cmt,573,0.45782235264778137
m53020_000_2.cmt,574,0.45782235264778137
m53020_000_2.cmt,575,0.45782235264778137
m53020_000_2.cmt,576,0.45782235264778137
m53020_000_2.cmt,577,0.45782235264778137
m53020_000_2.cmt,578,0.45782235264778137
m53020_000_2.cmt,579,0.45782235264778137
m53020_000_2.cmt,580,0.45782235264778137
m53020_000_2.cmt,581,0.45782235264778137
m53020_000_2.cmt,582,0.45782235264778137
m53020_000_2.cmt,583,0.45782235264778137
m53020_000_2.cmt,584,0.45782235264778137
m53020_000_2.cmt,585,0.45782235264778137
m53020_000_2.cmt,586,0.45782235264778137
m53020_000_2.cmt,587,0.45782235264778137
m53020_000_2.cmt,588,0.45782235264778137
m53020_000_2.cmt,589,0.45782235264778137
m53020_000_2.cmt,590,0.45782235264778137
m53020_000_2.cmt,591,0.45782235264778137
m53020_000_2.cmt,592,0.45782235264778137
m53020_000_2.cmt,593,0.45782235264778137
m53020_000_2.cmt,594,0.45782235264778137
m53020_000_2.cmt,595,0.45782235264778137
m53020_000_2.cmt,596,0.45782235264778137
m53020_000_2.cmt,597,0.45782235264778137
m53020_000_2.cmt,598,0.45782235264778137
m53020_000_2.cmt,599,0.45782235264778137
m53020_000_2.cmt,600,0.45782235264778137
m53020_000_2.cmt,601,0.45782235264778137
m53020_000_2.cmt,602,0.45782235264778137
m53020_000_2.cmt,603,0.45782235264778137
m53020_000_2.cmt,604,0.45782235264778137
m53020_000_2.cmt,605,0.45782235264778137
m53020_000_2.cmt,606,0.45782235264778137
m53020_000_2.cmt,607,0.45782235264778137
m53020_000_2.cmt,608,0.45782235264778137
m53020_000_2.cmt,609,0.45782235264778137
m53020_000_2.cmt,610,0.45782235264778137
m53020_000_2.cmt,611,0.45782235264778137
m53020_000_2.cmt,612,0.45782235264778137
m53020_000_2.cmt,613,0.45782235264778137
m53020_000_2.cmt,614,0.45782235264778137
m53020_000_2.cmt,615,0.45782235264778137
m53020_000_2.cmt,616,0.45782235264778137
m53020_000_2.cmt,617,0.45782235264778137
m53020_000_2.cmt,618,0.45782235264778137
m53020_000_2.cmt,619,0.45782235264778137
m53020_000_2.cmt,620,0.45782235264778137
m53020_000_2.cmt,621,0.45782235264778137
m53020_000_2.cmt,622,0.45782235264778137
m53020_000_2.cmt,623,0.45782235264778137
m53020_000_2.cmt,624,0.45782235264778137
m53020_000_2.cmt,625,0.45782235264778137
m53020_000_2.cmt,626,0.45782235264778137
m53020_000_2.cmt,627,0.45782235264778137
m53020_000_2.cmt,628,0.45782235264778137
m53020_000_2.cmt,629,0.45782235264778137
m53020_000_2.cmt,630,0.45782235264778137
m53020_000_2.cmt,631,0.45782235264778137
m53020_000_2.cmt,632,0.45782235264778137
m53020_000_2.cmt,633,0.45782235264778137
m53020_000_2.cmt,634,0.45782235264778137
m53020_000_2.cmt,635,0.45782235264778137
m53020_000_2.cmt,636,0.45782235264778137
m53020_000_2.cmt,637,0.45782235264778137
m53020_000_2.cmt,638,0.45782235264778137
m53020_000_2.cmt,639,0.45782235264778137
m53020_000_2.cmt,640,0.45782235264778137
m53020_000_2.cmt,641,0.45782235264778137
m53020_000_2.cmt,642,0.45782235264778137
m53020_000_2.cmt,643,0.45782235264778137
m53020_000_2.cmt,644,0.45782235264778137
m53020_000_2.cmt,645,0.45782235264778137
m53020_000_2.cmt,646,0.45782235264778137
m53020_000_2.cmt,647,0.45782235264778137
m53020_000_2.cmt,648,0.45782235264778137
m53020_000_2.cmt,649,0.45782235264778137
m53020_000_2.cmt,650,0.45782235264778137
m53020_000_2.cmt,651,0.45782235264778137
m53020_000_2.cmt,652,0.45782235264778137
m53020_000_2.cmt,653,0.45782235264778137
m53020_000_2.cmt,654,0.45782235264778137
m53020_000_2.cmt,655,0.45782235264778137
m53020_000_2.cmt,656,0.45782235264778137
m53020_000_2.cmt,657,0.45782235264778137
m53020_000_2.cmt,658,0.45782235264778137
m53020_000_2.cmt,659,0.45782235264778137
m53020_000_2.cmt,660,0.45782235264778137
m53020_000_2.cmt,661,0.45782235264778137
m53020_000_2.cmt,662,0.45782235264778137
m53020_000_2.cmt,663,0.45782235264778137
m53020_000_2.cmt,664,0.45782235264778137
m53020_000_2.cmt,665,0.45782235264778137
m53020_000_2.cmt,666,0.45782235264778137
m53020_000_2.cmt,667,0.45782235264778137
m53020_000_2.cmt,668,0.45782235264778137
m53020_000_2.cmt,669,0.45782235264778137
m53020_000_2.cmt,670,0.45782235264778137
m53020_000_2.cmt,671,0.45782235264778137
m53020_000_2.cmt,672,0.45782235264778137
m53020_000_2.cmt,673,0.45782235264778137
m53020_000_2.cmt,674,0.45782235264778137
m53020_000_2.cmt,675,0.45782235264778137
m53020_000_2.cmt,676,0.45782235264778137
m53020_000_2.cmt,677,0.45782235264778137
m53020_000_2.cmt,678,0.45782235264778137
m53020_000_2.cmt,679,0.45782235264778137
m53020_000_2.cmt,680,0.45782235264778137
m53020_000_2.cmt,681,0.45782235264778137
m53020_000_2.cmt,682,0.45782235264778137
m53020_000_2.cmt,683,0.45782235264778137
m53020_000_2.cmt,684,0.45782235264778137
m53020_000_2.cmt,685,0.45782235264778137
m53020_000_2.cmt,686,0.45782235264778137
m53020_000_2.cmt,687,0.45782235264778137
m53020_000_2.cmt,688,0.45782235264778137
m53020_000_2.cmt,689,0.45782235264778137
m53020_000_2.cmt,690,0.45782235264778137
m53020_000_2.cmt,691,0.45782235264778137
m53020_000_2.cmt,692,0.45782235264778137
m53020_000_2.cmt,693,0.45782235264778137
m53020_000_2.cmt,694,0.45782235264778137
m53020_000_2.cmt,695,0.45782235264778137
m53020_000_2.cmt,696,0.45782235264778137
m53020_000_2.cmt,697,0.45782235264778137
m53020_000_2.cmt,698,0.45782235264778137
m53020_000_2.cmt,699,0.45782235264778137
m53020_000_2.cmt,700,0.45782235264778137
m53020_000_2.cmt,701,0.45782235264778137
m53020_000_2.cmt,702,0.45782235264778137
m53020_000_2.cmt,703,0.45782235264778137
m53020_000_2.cmt,704,0.45782235264778137
m53020_000_2.cmt,705,0.45782235264778137
m53020_000_2.cmt,706,0.45782235264778137
m53020_000_2.cmt,707,0.45782235264778137
m53020_000_2.cmt,708,0.45782235264778137
m53020_000_2.cmt,709,0.45782235264778137
m53020_000_2.cmt,710,0.45782235264778137
m53020_000_2.cmt,711,0.45782235264778137
m53020_000_2.cmt,712,0.45782235264778137
m53020_000_2.cmt,713,0.45782235264778137
m53020_000_2.cmt,714,0.45782235264778137
m53020_000_2.cmt,715,0.45782235264778137
m53020_000_2.cmt,716,0.45782235264778137
m53020_000_2.cmt,717,0.45782235264778137
m53020_000_2.cmt,718,0.45782235264778137
m53020_000_2.cmt,719,0.45782235264778137
m53020_000_2.cmt,720,0.45782235264778137
m53020_000_2.cmt,721,0.45782235264778137
m53020_000_2.cmt,722,0.45782235264778137
m53020_000_2.cmt,723,0.45782235264778137
m53020_000_2.cmt,724,0.45782235264778137
m53020_000_2.cmt,725,0.45782235264778137
m53020_000_2.cmt,726,0.45782235264778137
m53020_000_2.cmt,727,0.45782235264778137
m53020_000_2.cmt,728,0.45782235264778137
m53020_000_2.cmt,729,0.45782235264778137
m53020_000_2.cmt,730,0.4571806788444519
m53020_000_2.cmt,731,0.45653921365737915
m53020_000_2.cmt,732,0.45589783787727356
m53020_000_2.cmt,733,0.45525676012039185
m53020_000_2.cmt,734,0.45461583137512207
m53020_000_2.cmt,735,0.4539750814437866
m53020_000_2.cmt,736,0.45333439111709595
m53020_000_2.cmt,737,0.4526940584182739
m53020_000_2.cmt,738,0.4520537853240967
m53020_000_2.cmt,739,0.45141369104385376
m53020_000_2.cmt,740,0.45077377557754517
m53020_000_2.cmt,741,0.4501340985298157
m53020_000_2.cmt,742,0.44949451088905334
m53020_000_2.cmt,743,0.4488551616668701
m53020_000_2.cmt,744,0.4482158422470093
m53020_000_2.cmt,745,0.4475768804550171
m53020_000_2.cmt,746,0.44693803787231445
m53020_000_2.cmt,747,0.44629937410354614
m53020_000_2.cmt,748,0.4456608295440674
m53020_000_2.cmt,749,0.44502246379852295
m53020_000_2.cmt,750,0.44438430666923523
m53020_000_2.cmt,751,0.44374626874923706
m53020_000_2.cmt,752,0.4431084990501404
m53020_000_2.cmt,753,0.44247081875801086
m53020_000_2.cmt,754,0.4418332874774933
m53020_000_2.cmt,755,0.4411959946155548
m53020_000_2.cmt,756,0.44055888056755066
m53020_000_2.cmt,757,0.4399218261241913
m53020_000_2.cmt,758,0.439285010099411
m53020_000_2.cmt,759,0.43864840269088745
m53020_000_2.cmt,760,0.43801191449165344
m53020_000_2.cmt,761,0.43737560510635376
m53020_000_2.cmt,762,0.4367394745349884
m53020_000_2.cmt,763,0.4361034631729126
m53020_000_2.cmt,764,0.4354677200317383
m53020_000_2.cmt,765,0.4348320960998535
m53020_000_2.cmt,766,0.4341965913772583
m53020_000_2.cmt,767,0.4335612952709198
m53020_000_2.cmt,768,0.4329261779785156
m53020_000_2.cmt,769,0.432291179895401
m53020_000_2.cmt,770,0.4316563606262207
m53020_000_2.cmt,771,0.43102172017097473
m53020_000_2.cmt,772,0.4303872585296631
m53020_000_2.cmt,773,0.4297529458999634
m53020_000_2.cmt,774,0.4291187822818756
m53020_000_2.cmt,775,0.42848482728004456
m53020_000_2.cmt,776,0.42785099148750305
m53020_000_2.cmt,777,0.42721739411354065
m53020_000_2.cmt,778,0.4265838861465454
m53020_000_2.cmt,779,0.4259505569934845
m53020_000_2.cmt,780,0.4253174364566803
m53020_000_2.cmt,781,0.42468440532684326
m53020_000_2.cmt,782,0.42405158281326294
m53020_000_2.cmt,783,0.42341890931129456
m53020_000_2.cmt,784,0.4227863848209381
m53020_000_2.cmt,785,0.4221540689468384
m53020_000_2.cmt,786,0.4215219020843506
m53020_000_2.cmt,787,0.42088982462882996
m53020_000_2.cmt,788,0.4202580153942108
m53020_000_2.cmt,789,0.41962629556655884
m53020_000_2.cmt,790,0.4189947247505188
m53020_000_2.cmt,791,0.4183633327484131
m53020_000_2.cmt,792,0.4177321493625641
m53020_000_2.cmt,793,0.41710108518600464
m53020_000_2.cmt,794,0.41647014021873474
m53020_000_2.cmt,795,0.41583943367004395
m53020_000_2.cmt,796,0.4152087867259979
m53020_000_2.cmt,797,0.4145784080028534
m53020_000_2.cmt,798,0.4139481782913208
m53020_000_2.cmt,799,0.41331803798675537
m53020_000_2.cmt,800,0.41268807649612427
m53020_000_2.cmt,801,0.4120582938194275
m53020_000_2.cmt,802,0.41142866015434265
m53020_000_2.cmt,803,0.41079920530319214
m53020_000_2.cmt,804,0.4101698696613312
m53020_000_2.cmt,805,0.40954068303108215
m53020_000_2.cmt,806,0.40891167521476746
m53020_000_2.cmt,807,0.4082828462123871
m53020_000_2.cmt,808,0.4076541066169739
m53020_000_2.cmt,809,0.4070255756378174
m53020_000_2.cmt,810,0.4063972234725952
m53020_000_2.cmt,811,0.4057689607143402
m53020_000_2.cmt,812,0.40514087677001953
m53020_000_2.cmt,813,0.4045129716396332
m53020_000_2.cmt,814,0.4038851857185364
m53020_000_2.cmt,815,0.1977211833000183
m53020_000_2.cmt,816,0.1977211833000183
m53020_000_2.cmt,817,0.1977211833000183
m53020_000_2.cmt,818,0.1977211833000183
m53020_000_2.cmt,819,0.1977211833000183
m53020_000_2.cmt,820,0.1977211833000183
m53020_000_2.cmt,821,0.1977211833000183
m53020_000_2.cmt,822,0.1977211833000183
m53020_000_2.cmt,823,0.1977211833000183
m53020_000_2.cmt,824,0.1977211833000183
m53020_000_2.cmt,825,0.1977211833000183
m53020_000_2.cmt,826,0.1977211833000183
m53020_000_2.cmt,827,0.1977211833000183
m53020_000_2.cmt,828,0.1977211833000183
m53020_000_2.cmt,829,0.1977211833000183
m53020_000_2.cmt,830,0.1977211833000183
m53020_000_2.cmt,831,0.1977211833000183
m53020_000_2.cmt,832,0.1977211833000183
m53020_000_2.cmt,833,0.1977211833000183
m53020_000_2.cmt,834,0.1977211833000183
m53020_000_2.cmt,835,0.1977211833000183
m53020_000_2.cmt,836,0.1977211833000183
m53020_000_2.cmt,837,0.1977211833000183
m53020_000_2.cmt,838,0.1977211833000183
m53020_000_2.cmt,839,0.1977211833000183
m53020_000_2.cmt,840,0.1977211833000183
m53020_000_2.cmt,841,0.1977211833000183
m53020_000_2.cmt,842,0.1977211833000183
m53020_000_2.cmt,843,0.1977211833000183
m53020_000_2.cmt,844,0.1977211833000183
m53020_000_2.cmt,845,0.1977211833000183
m53020_000_2.cmt,846,0.1977211833000183
m53020_000_2.cmt,847,0.1977211833000183
m53020_000_2.cmt,848,0.1977211833000183
m53020_000_2.cmt,849,0.1977211833000183
m53020_000_2.cmt,850,0.1977211833000183
m53020_000_2.cmt,851,0.1977211833000183
m53020_000_2.cmt,852,0.1977211833000183
m53020_000_2.cmt,853,0.1977211833000183
m53020_000_2.cmt,854,0.1977211833000183
m53020_000_2.cmt,855,0.1977211833000183
m53020_000_2.cmt,856,0.1977211833000183
m53020_000_2.cmt,857,0.1977211833000183
m53020_000_2.cmt,858,0.1977211833000183
m53020_000_2.cmt,859,0.1977211833000183
m53020_000_2.cmt,860,0.1977211833000183
m53020_000_2.cmt,861,0.1977211833000183
m53020_000_2.cmt,862,0.1977211833000183
m53020_000_2.cmt,863,0.1977211833000183
m53020_000_2.cmt,864,0.1977211833000183
m53020_000_2.cmt,865,0.1977211833000183
m53020_000_2.cmt,866,0.1977211833000183
m53020_000_2.cmt,867,0.1977211833000183
m53020_000_2.cmt,868,0.1977211833000183
m53020_000_2.cmt,869,0.1977211833000183
m53020_000_2.cmt,870,0.1977211833000183
m53020_000_2.cmt,871,0.1977211833000183
m53020_000_2.cmt,872,0.1977211833000183
m53020_000_2.cmt,873,0.1977211833000183
m53020_000_2.cmt,874,0.1977211833000183
m53020_000_2.cmt,875,0.1977211833000183
m53020_000_2.cmt,876,0.1977211833000183
m53020_000_2.cmt,877,0.1977211833000183
m53020_000_2.cmt,878,0.1977211833000183
m53020_000_2.cmt,879,0.1977211833000183
m53020_000_2.cmt,880,0.1977211833000183
m53020_000_2.cmt,881,0.1977211833000183
m53020_000_2.cmt,882,0.1977211833000183
m53020_000_2.cmt,883,0.1977211833000183
m53020_000_2.cmt,884,0.1977211833000183
m53020_000_2.cmt,885,0.1977211833000183
m53020_000_2.cmt,886,0.1977211833000183
m53020_000_2.cmt,887,0.1977211833000183
m53020_000_2.cmt,888,0.1977211833000183
m53020_000_2.cmt,889,0.1977211833000183
m53020_000_2.cmt,890,0.1977211833000183
m53020_000_2.cmt,891,0.1977211833000183
m53020_000_2.cmt,892,0.1977211833000183
m53020_000_2.cmt,893,0.1977211833000183
m53020_000_2.cmt,894,0.1977211833000183
m53020_000_2.cmt,895,0.1977211833000183
m53020_000_2.cmt,896,0.1977211833000183
m53020_000_2.cmt,897,0.1977211833000183
m53020_000_2.cmt,898,0.1977211833000183
m53020_000_2.cmt,899,0.1977211833000183
m53020_000_2.cmt,900,0.1977211833000183
m53020_000_2.cmt,901,0.1977211833000183
m53020_000_2.cmt,902,0.1977211833000183
m53020_000_2.cmt,903,0.1977211833000183
m53020_000_2.cmt,904,0.1977211833000183
m53020_000_2.cmt,905,0.1977211833000183
m53020_000_2.cmt,906,0.1977211833000183
m53020_000_2.cmt,907,0.1977211833000183
m53020_000_2.cmt,908,0.1977211833000183
m53020_000_2.cmt,909,0.1977211833000183
m53020_000_2.cmt,910,0.1977211833000183
m53020_000_2.cmt,911,0.1977211833000183
m53020_000_2.cmt,912,0.1977211833000183
m53020_000_2.cmt,913,0.1977211833000183
m53020_000_2.cmt,914,0.1977211833000183
m53020_000_2.cmt,915,0.1977211833000183
m53020_000_2.cmt,916,0.1977211833000183
m53020_000_2.cmt,917,0.1977211833000183
m53020_000_2.cmt,918,0.1977211833000183
m53020_000_2.cmt,919,0.1977211833000183
m53020_000_2.cmt,920,0.1977211833000183
m53020_000_2.cmt,921,0.1977211833000183
m53020_000_2.cmt,922,0.1977211833000183
m53020_000_2.cmt,923,0.1977211833000183
m53020_000_2.cmt,924,0.1977211833000183
m53020_000_2.cmt,925,0.1977211833000183
m53020_000_2.cmt,926,0.1977211833000183
m53020_000_2.cmt,927,0.1977211833000183
m53020_000_2.cmt,928,0.1977211833000183
m53020_000_2.cmt,929,0.1977211833000183
m53020_000_2.cmt,930,0.1977211833000183
m53020_000_2.cmt,931,0.1977211833000183
m53020_000_2.cmt,932,0.1977211833000183
m53020_000_2.cmt,933,0.1977211833000183
m53020_000_2.cmt,934,0.1977211833000183
m53020_000_2.cmt,935,0.1977211833000183
m53020_000_2.cmt,936,0.1977211833000183
m53020_000_2.cmt,937,0.1977211833000183
m53020_000_2.cmt,938,0.1977211833000183
m53020_000_2.cmt,939,0.1977211833000183
m53020_000_2.cmt,940,0.1977211833000183
m53020_000_2.cmt,941,0.1977211833000183
m53020_000_2.cmt,942,0.1977211833000183
m53020_000_2.cmt,943,0.1977211833000183
m53020_000_2.cmt,944,0.1977211833000183
m53020_000_2.cmt,945,0.1977211833000183
m53020_000_2.cmt,946,0.1977211833000183
m53020_000_2.cmt,947,0.1977211833000183
m53020_000_2.cmt,948,0.1977211833000183
m53020_000_2.cmt,949,0.1977211833000183
m53020_000_2.cmt,950,0.1977211833000183
m53020_000_2.cmt,951,0.4038851857185364
m53020_000_2.cmt,952,0.4038851857185364
m53020_000_2.cmt,953,0.4038851857185364
m53020_000_2.cmt,954,0.4038851857185364
m53020_000_2.cmt,955,0.4038851857185364
m53020_000_2.cmt,956,0.4038851857185364
m53020_000_2.cmt,957,0.4038851857185364
m53020_000_2.cmt,958,0.4038851857185364
m53020_000_2.cmt,959,0.4038851857185364
m53020_000_2.cmt,960,0.4038851857185364
m53020_000_2.cmt,961,0.4038851857185364
m53020_000_2.cmt,962,0.4038851857185364
m53020_000_2.cmt,963,0.4038851857185364
m53020_000_2.cmt,964,0.4038851857185364
m53020_000_2.cmt,965,0.4038851857185364
m53020_000_2.cmt,966,0.4038851857185364
m53020_000_2.cmt,967,0.4038851857185364
m53020_000_2.cmt,968,0.4038851857185364
m53020_000_2.cmt,969,0.4038851857185364
m53020_000_2.cmt,970,0.4038851857185364
m53020_000_2.cmt,971,0.4038851857185364
m53020_000_2.cmt,972,0.4038851857185364
m53020_000_2.cmt,973,0.4038851857185364
m53020_000_2.cmt,974,0.4038851857185364
m53020_000_2.cmt,975,0.4038851857185364
m53020_000_2.cmt,976,0.4038851857185364
m53020_000_2.cmt,977,0.4038851857185364
m53020_000_2.cmt,978,0.4038851857185364
m53020_000_2.cmt,979,0.4038851857185364
m53020_000_2.cmt,980,0.4038851857185364
m53020_000_2.cmt,981,0.4038851857185364
m53020_000_2.cmt,982,0.4038851857185364
m53020_000_2.cmt,983,0.4038851857185364
m53020_000_2.cmt,984,0.4038851857185364
m53020_000_2.cmt,985,0.4038851857185364
m53020_000_2.cmt,986,0.4038851857185364
m53020_000_2.cmt,987,0.4038851857185364
m53020_000_2.cmt,988,0.4038851857185364
m53020_000_2.cmt,989,0.4038851857185364
m53020_000_2.cmt,990,0.4038851857185364
m53020_000_2.cmt,991,0.4038851857185364
m53020_000_2.cmt,992,0.4038851857185364
m53020_000_2.cmt,993,0.4038851857185364
m53020_000_2.cmt,994,0.4038851857185364
m53020_000_2.cmt,995,0.4038851857185364
m53020_000_2.cmt,996,0.4038851857185364
m53020_000_2.cmt,997,0.4038851857185364
m53020_000_2.cmt,998,0.4038851857185364
m53020_000_2.cmt,999,0.4038851857185364
m53020_000_2.cmt,1000,0.4038851857185364
m53020_000_2.cmt,1001,0.4038851857185364
m53020_000_2.cmt,1002,0.4038851857185364
m53020_000_2.cmt,1003,0.4038851857185364
m53020_000_2.cmt,1004,0.4038851857185364
m53020_000_2.cmt,1005,0.4038851857185364
m53020_000_2.cmt,1006,0.4038851857185364
m53020_000_2.cmt,1007,0.4038851857185364
m53020_000_2.cmt,1008,0.4038851857185364
m53020_000_2.cmt,1009,0.4038851857185364
m53020_000_2.cmt,1010,0.4038851857185364
m53020_000_2.cmt,1011,0.4038851857185364
m53020_000_2.cmt,1012,0.4038851857185364
m53020_000_2.cmt,1013,0.4038851857185364
m53020_000_2.cmt,1014,0.4038851857185364
m53020_000_2.cmt,1015,0.4038851857185364
m53020_000_2.cmt,1016,0.4038851857185364
m53020_000_2.cmt,1017,0.4038851857185364
m53020_000_2.cmt,1018,0.4038851857185364
m53020_000_2.cmt,1019,0.4038851857185364
m53020_000_2.cmt,1020,0.4038851857185364
m53020_000_2.cmt,1021,0.4038851857185364
m53020_000_2.cmt,1022,0.4038851857185364
m53020_000_2.cmt,1023,0.4038851857185364
m53020_000_2.cmt,1024,0.4038851857185364
m53020_000_2.cmt,1025,0.4038851857185364
m53020_000_2.cmt,1026,0.4038851857185364
m53020_000_2.cmt,1027,0.4038851857185364
m53020_000_2.cmt,1028,0.4038851857185364
m53020_000_2.cmt,1029,0.4038851857185364
m53020_000_2.cmt,1030,0.4038851857185364
m53020_000_2.cmt,1031,0.4038851857185364
m53020_000_2.cmt,1032,0.4038851857185364
m53020_000_2.cmt,1033,0.4038851857185364
m53020_000_2.cmt,1034,0.4038851857185364
m53020_000_2.cmt,1035,0.4038851857185364
m53020_000_2.cmt,1036,0.4038851857185364
m53020_000_2.cmt,1037,0.4038851857185364
m53020_000_2.cmt,1038,0.4038851857185364
m53020_000_2.cmt,1039,0.4038851857185364
m53020_000_2.cmt,1040,0.4038851857185364
m53020_000_2.cmt,1041,0.4038851857185364
m53020_000_2.cmt,1042,0.4038851857185364
m53020_000_2.cmt,1043,0.4038851857185364
m53020_000_2.cmt,1044,0.4038851857185364
m53020_000_2.cmt,1045,0.4038851857185364
m53020_000_2.cmt,1046,0.4038851857185364
m53020_000_2.cmt,1047,0.4038851857185364
m53020_000_2.cmt,1048,0.4038851857185364
m53020_000_2.cmt,1049,0.4038851857185364
m53020_000_2.cmt,1050,0.4038851857185364
m53020_000_2.cmt,1051,0.45782235264778137
m53020_000_2.cmt,1052,0.45782235264778137
m53020_000_2.cmt,1053,0.45782235264778137
m53020_000_2.cmt,1054,0.45782235264778137
m53020_000_2.cmt,1055,0.45782235264778137
m53020_000_2.cmt,1056,0.45782235264778137
m53020_000_2.cmt,1057,0.45782235264778137
m53020_000_2.cmt,1058,0.45782235264778137
m53020_000_2.cmt,1059,0.45782235264778137
m53020_000_2.cmt,1060,0.45782235264778137
m53020_000_2.cmt,1061,0.45782235264778137
m53020_000_2.cmt,1062,0.45782235264778137
m53020_000_2.cmt,1063,0.45782235264778137
m53020_000_2.cmt,1064,0.45782235264778137
m53020_000_2.cmt,1065,0.45782235264778137
m53020_000_2.cmt,1066,0.45782235264778137
m53020_000_2.cmt,1067,0.45782235264778137
m53020_000_2.cmt,1068,0.45782235264778137
m53020_000_2.cmt,1069,0.45782235264778137
m53020_000_2.cmt,1070,0.45782235264778137
m53020_000_2.cmt,1071,0.45782235264778137
m53020_000_2.cmt,1072,0.45782235264778137
m53020_000_2.cmt,1073,0.45782235264778137
m53020_000_2.cmt,1074,0.45782235264778137
m53020_000_2.cmt,1075,0.45782235264778137
m53020_000_2.cmt,1076,0.45782235264778137
m53020_000_2.cmt,1077,0.45782235264778137
m53020_000_2.cmt,1078,0.45782235264778137
m53020_000_2.cmt,1079,0.45782235264778137
m53020_000_2.cmt,1080,0.45782235264778137
m53020_000_2.cmt,1081,0.45782235264778137
m53020_000_2.cmt,1082,0.45782235264778137
m53020_000_2.cmt,1083,0.45782235264778137
m53020_000_2.cmt,1084,0.45782235264778137
m53020_000_2.cmt,1085,0.45782235264778137
m53020_000_2.cmt,1086,0.45782235264778137
m53020_000_2.cmt,1087,0.45782235264778137
m53020_000_2.cmt,1088,0.45782235264778137
m53020_000_2.cmt,1089,0.45782235264778137
m53020_000_2.cmt,1090,0.45782235264778137
m53020_000_2.cmt,1091,0.45782235264778137
m53020_000_2.cmt,1092,0.45782235264778137
m53020_000_2.cmt,1093,0.45782235264778137
m53020_000_2.cmt,1094,0.45782235264778137
m53020_000_2.cmt,1095,0.45782235264778137
m53020_000_2.cmt,1096,0.45782235264778137
m53020_000_2.cmt,1097,0.45782235264778137
m53020_000_2.cmt,1098,0.45782235264778137
m53020_000_2.cmt,1099,0.45782235264778137
m53020_000_2.cmt,1100,0.45782235264778137
m53020_000_2.cmt,1101,0.45782235264778137
m53020_000_2.cmt,1102,0.45782235264778137
m53020_000_2.cmt,1103,0.45782235264778137
m53020_000_2.cmt,1104,0.45782235264778137
m53020_000_2.cmt,1105,0.45782235264778137
m53020_000_2.cmt,1106,0.45782235264778137
m53020_000_2.cmt,1107,0.45782235264778137
m53020_000_2.cmt,1108,0.45782235264778137
m53020_000_2.cmt,1109,0.45782235264778137
m53020_000_2.cmt,1110,0.45782235264778137
m53020_000_2.cmt,1111,0.45782235264778137
m53020_000_2.cmt,1112,0.45782235264778137
m53020_000_2.cmt,1113,0.45782235264778137
m53020_000_2.cmt,1114,0.45782235264778137
m53020_000_2.cmt,1115,0.45782235264778137
m53020_000_2.cmt,1116,0.45782235264778137
m53020_000_2.cmt,1117,0.45782235264778137
m53020_000_2.cmt,1118,0.45782235264778137
m53020_000_2.cmt,1119,0.45782235264778137
m53020_000_2.cmt,1120,0.45782235264778137
m53020_000_2.cmt,1121,0.45782235264778137
m53020_000_2.cmt,1122,0.45782235264778137
m53020_000_2.cmt,1123,0.45782235264778137
m53020_000_2.cmt,1124,0.45782235264778137
m53020_000_2.cmt,1125,0.45782235264778137
m53020_000_2.cmt,1126,0.45782235264778137
m53020_000_2.cmt,1127,0.45782235264778137
m53020_000_2.cmt,1128,0.45782235264778137
m53020_000_2.cmt,1129,0.45782235264778137
m53020_000_2.cmt,1130,0.45782235264778137
m53020_000_2.cmt,1131,0.45782235264778137
m53020_000_2.cmt,1132,0.45782235264778137
m53020_000_2.cmt,1133,0.45782235264778137
m53020_000_2.cmt,1134,0.45782235264778137
m53020_000_2.cmt,1135,0.45782235264778137
m53020_000_2.cmt,1136,0.45782235264778137
m53020_000_2.cmt,1137,0.45782235264778137
m53020_000_2.cmt,1138,0.45782235264778137
m53020_000_2.cmt,1139,0.45782235264778137
m53020_000_2.cmt,1140,0.45782235264778137
m53020_000_2.cmt,1141,0.45782235264778137
m53020_000_2.cmt,1142,0.45782235264778137
m53020_000_2.cmt,1143,0.45782235264778137
m53020_000_2.cmt,1144,0.45782235264778137
m53020_000_2.cmt,1145,0.45782235264778137
m53020_000_2.cmt,1146,0.45782235264778137
m53020_000_2.cmt,1147,0.45782235264778137
m53020_000_2.cmt,1148,0.45782235264778137
m53020_000_2.cmt,1149,0.45782235264778137
m53020_000_2.cmt,1150,0.45782235264778137
m53020_000_2.cmt,1151,0.45782235264778137
m53020_000_2.cmt,1152,0.45782235264778137
m53020_000_2.cmt,1153,0.45782235264778137
m53020_000_2.cmt,1154,0.45782235264778137
m53020_000_2.cmt,1155,0.45782235264778137
m53020_000_2.cmt,1156,0.45782235264778137
m53020_000_2.cmt,1157,0.45782235264778137
m53020_000_2.cmt,1158,0.45782235264778137
m53020_000_2.cmt,1159,0.45782235264778137
m53020_000_2.cmt,1160,0.45782235264778137
m53020_000_2.cmt,1161,0.45782235264778137
m53020_000_2.cmt,1162,0.45782235264778137
m53020_000_2.cmt,1163,0.45782235264778137
m53020_000_2.cmt,1164,0.45782235264778137
m53020_000_2.cmt,1165,0.45782235264778137
m53020_000_2.cmt,1166,0.45782235264778137
m53020_000_2.cmt,1167,0.45782235264778137
m53020_000_2.cmt,1168,0.45782235264778137
m53020_000_2.cmt,1169,0.45782235264778137
m53020_000_2.cmt,1170,0.45782235264778137
m53020_000_2.cmt,1171,0.45782235264778137
m53020_000_2.cmt,1172,0.45782235264778137
m53020_000_2.cmt,1173,0.45782235264778137
m53020_000_2.cmt,1174,0.45782235264778137
m53020_000_2.cmt,1175,0.45782235264778137
m53020_000_2.cmt,1176,0.45782235264778137
m53020_000_2.cmt,1177,0.45782235264778137
m53020_000_2.cmt,1178,0.45782235264778137
m53020_000_2.cmt,1179,0.45782235264778137
m53020_000_2.cmt,1180,0.45782235264778137
m53020_000_2.cmt,1181,0.45782235264778137
m53020_000_2.cmt,1182,0.45782235264778137
m53020_000_2.cmt,1183,0.45782235264778137
m53020_000_2.cmt,1184,0.45782235264778137
m53020_000_2.cmt,1185,0.45782235264778137
m53020_000_2.cmt,1186,0.45782235264778137
m53020_000_2.cmt,1187,0.45782235264778137
m53020_000_2.cmt,1188,0.45782235264778137
m53020_000_2.cmt,1189,0.45782235264778137
m53020_000_2.cmt,1190,0.45782235264778137
m53020_000_2.cmt,1191,0.45782235264778137
m53020_000_2.cmt,1192,0.45782235264778137
m53020_000_2.cmt,1193,0.45782235264778137
m53020_000_2.cmt,1194,0.45782235264778137
m53020_000_2.cmt,1195,0.45782235264778137
m53020_000_2.cmt,1196,0.45782235264778137
m53020_000_2.cmt,1197,0.45782235264778137
m53020_000_2.cmt,1198,0.45782235264778137
m53020_000_2.cmt,1199,0.45782235264778137
m53020_000_2.cmt,1200,0.45782235264778137
m53020_000_2.cmt,1201,0.45782235264778137
m53020_000_2.cmt,1202,0.45782235264778137
m53020_000_2.cmt,1203,0.45782235264778137
m53020_000_2.cmt,1204,0.45782235264778137
m53020_000_2.cmt,1205,0.45782235264778137
m53020_000_2.cmt,1206,0.45782235264778137
m53020_000_2.cmt,1207,0.45782235264778137
m53020_000_2.cmt,1208,0.45782235264778137
m53020_000_2.cmt,1209,0.45782235264778137
m53020_000_2.cmt,1210,0.45782235264778137
m53020_000_2.cmt,1211,0.45782235264778137
m53020_000_2.cmt,1212,0.45782235264778137
m53020_000_2.cmt,1213,0.45782235264778137
m53020_000_2.cmt,1214,0.45782235264778137
m53020_000_2.cmt,1215,0.45782235264778137
m53020_000_2.cmt,1216,0.45782235264778137
m53020_000_2.cmt,1217,0.45782235264778137
m53020_000_2.cmt,1218,0.45782235264778137
m53020_000_2.cmt,1219,0.45782235264778137
m53020_000_2.cmt,1220,0.45782235264778137
m53020_000_2.cmt,1221,0.45782235264778137
m53020_000_2.cmt,1222,0.45782235264778137
m53020_000_2.cmt,1223,0.45782235264778137
m53020_000_2.cmt,1224,0.45782235264778137
m53020_000_2.cmt,1225,0.45782235264778137
m53020_000_2.cmt,1226,0.45782235264778137
m53020_000_2.cmt,1227,0.45782235264778137
m53020_000_2.cmt,1228,0.45782235264778137
m53020_000_2.cmt,1229,0.45782235264778137
m53020_000_2.cmt,1230,0.45782235264778137
m53020_000_2.cmt,1231,0.45782235264778137
m53020_000_2.cmt,1232,0.45782235264778137
m53020_000_2.cmt,1233,0.45782235264778137
m53020_000_2.cmt,1234,0.45782235264778137
m53020_000_2.cmt,1235,0.45782235264778137
m53020_000_2.cmt,1236,0.45782235264778137
m53020_000_2.cmt,1237,0.45782235264778137
m53020_000_2.cmt,1238,0.45782235264778137
m53020_000_2.cmt,1239,0.45782235264778137
m53020_000_2.cmt,1240,0.45782235264778137
m53020_000_2.cmt,1241,0.45782235264778137
m53020_000_2.cmt,1242,0.45782235264778137
m53020_000_2.cmt,1243,0.45782235264778137
m53020_000_2.cmt,1244,0.45782235264778137
m53020_000_2.cmt,1245,0.45782235264778137
m53020_000_2.cmt,1246,0.45782235264778137
m53020_000_2.cmt,1247,0.45782235264778137
m53020_000_2.cmt,1248,0.45782235264778137
m53020_000_2.cmt,1249,0.45782235264778137
m53020_000_2.cmt,1250,0.45782235264778137
m53020_000_2.cmt,1251,0.45782235264778137
m53020_000_2.cmt,1252,0.45782235264778137
m53020_000_2.cmt,1253,0.45782235264778137
m53020_000_2.cmt,1254,0.45782235264778137
m53020_000_2.cmt,1255,0.45782235264778137
m53020_000_2.cmt,1256,0.45782235264778137
m53020_000_2.cmt,1257,0.45782235264778137
m53020_000_2.cmt,1258,0.45782235264778137
m53020_000_2.cmt,1259,0.45782235264778137
m53020_000_2.cmt,1260,0.45782235264778137
m53020_000_2.cmt,1261,0.45782235264778137
m53020_000_2.cmt,1262,0.45782235264778137
m53020_000_2.cmt,1263,0.45782235264778137
m53020_000_2.cmt,1264,0.45782235264778137
m53020_000_2.cmt,1265,0.45782235264778137
m53020_000_2.cmt,1266,0.45782235264778137
m53020_000_2.cmt,1267,0.45782235264778137
m53020_000_2.cmt,1268,0.2481255829334259
m53020_000_2.cmt,1269,0.2481255829334259
m53020_000_2.cmt,1270,0.2481255829334259
m53020_000_2.cmt,1271,0.2481255829334259
m53020_000_2.cmt,1272,0.2481255829334259
m53020_000_2.cmt,1273,0.2481255829334259
m53020_000_2.cmt,1274,0.2481255829334259
m53020_000_2.cmt,1275,0.2481255829334259
m53020_000_2.cmt,1276,0.2481255829334259
m53020_000_2.cmt,1277,0.2481255829334259
m53020_000_2.cmt,1278,0.2481255829334259
m53020_000_2.cmt,1279,0.2481255829334259
m53020_000_2.cmt,1280,0.2481255829334259
m53020_000_2.cmt,1281,0.2481255829334259
m53020_000_2.cmt,1282,0.2481255829334259
m53020_000_2.cmt,1283,0.2481255829334259
m53020_000_2.cmt,1284,0.2481255829334259
m53020_000_2.cmt,1285,0.2481255829334259
m53020_000_2.cmt,1286,0.2481255829334259
m53020_000_2.cmt,1287,0.2481255829334259
m53020_000_2.cmt,1288,0.2481255829334259
m53020_000_2.cmt,1289,0.2481255829334259
m53020_000_2.cmt,1290,0.2481255829334259
m53020_000_2.cmt,1291,0.2481255829334259
m53020_000_2.cmt,1292,0.2481255829334259
m53020_000_2.cmt,1293,0.2481255829334259
m53020_000_2.cmt,1294,0.2481255829334259
m53020_000_2.cmt,1295,0.2481255829334259
m53020_000_2.cmt,1296,0.2481255829334259
m53020_000_2.cmt,1297,0.2481255829334259
m53020_000_2.cmt,1298,0.2481255829334259
m53020_000_2.cmt,1299,0.2481255829334259
m53020_000_2.cmt,1300,0.2481255829334259
m53020_000_2.cmt,1301,0.2481255829334259
m53020_000_2.cmt,1302,0.2481255829334259
m53020_000_2.cmt,1303,0.2481255829334259
m53020_000_2.cmt,1304,0.2481255829334259
m53020_000_2.cmt,1305,0.2481255829334259
m53020_000_2.cmt,1306,0.2481255829334259
m53020_000_2.cmt,1307,0.2481255829334259
m53020_000_2.cmt,1308,0.2481255829334259
m53020_000_2.cmt,1309,0.2481255829334259
m53020_000_2.cmt,1310,0.2481255829334259
m53020_000_2.cmt,1311,0.2481255829334259
m53020_000_2.cmt,1312,0.2481255829334259
m53020_000_2.cmt,1313,0.2481255829334259
m53020_000_2.cmt,1314,0.2481255829334259
m53020_000_2.cmt,1315,0.2481255829334259
m53020_000_2.cmt,1316,0.2481255829334259
m53020_000_2.cmt,1317,0.2481255829334259
m53020_000_2.cmt,1318,0.2481255829334259
m53020_000_2.cmt,1319,0.2481255829334259
m53020_000_2.cmt,1320,0.2481255829334259
m53020_000_2.cmt,1321,0.2481255829334259
m53020_000_2.cmt,1322,0.2481255829334259
m53020_000_2.cmt,1323,0.2481255829334259
m53020_000_2.cmt,1324,0.2481255829334259
m53020_000_2.cmt,1325,0.2481255829334259
m53020_000_2.cmt,1326,0.2481255829334259
m53020_000_2.cmt,1327,0.2481255829334259
m53020_000_2.cmt,1328,0.2481255829334259
m53020_000_2.cmt,1329,0.2481255829334259
m53020_000_2.cmt,1330,0.2481255829334259
m53020_000_2.cmt,1331,0.2481255829334259
m53020_000_2.cmt,1332,0.2481255829334259
m53020_000_2.cmt,1333,0.2481255829334259
m53020_000_2.cmt,1334,0.2481255829334259
m53020_000_2.cmt,1335,0.2481255829334259
m53020_000_2.cmt,1336,0.2481255829334259
m53020_000_2.cmt,1337,0.2481255829334259
m53020_000_2.cmt,1338,0.2481255829334259
m53020_000_2.cmt,1339,0.2481255829334259
m53020_000_2.cmt,1340,0.2481255829334259
m53020_000_2.cmt,1341,0.2481255829334259
m53020_000_2.cmt,1342,0.2481255829334259
m53020_000_2.cmt,1343,0.2481255829334259
m53020_000_2.cmt,1344,0.2481255829334259
m53020_000_2.cmt,1345,0.2481255829334259
m53020_000_2.cmt,1346,0.2481255829334259
m53020_000_2.cmt,1347,0.2481255829334259
m53020_000_2.cmt,1348,0.2481255829334259
m53020_000_2.cmt,1349,0.688191831111908
m53020_000_2.cmt,1350,0.688191831111908
m53020_000_2.cmt,1351,0.688191831111908
m53020_000_2.cmt,1352,0.688191831111908
m53020_000_2.cmt,1353,0.688191831111908
m53020_000_2.cmt,1354,0.688191831111908
m53020_000_2.cmt,1355,0.688191831111908
m53020_000_2.cmt,1356,0.688191831111908
m53020_000_2.cmt,1357,0.688191831111908
m53020_000_2.cmt,1358,0.688191831111908
m53020_000_2.cmt,1359,0.688191831111908
m53020_000_2.cmt,1360,0.688191831111908
m53020_000_2.cmt,1361,0.688191831111908
m53020_000_2.cmt,1362,0.688191831111908
m53020_000_2.cmt,1363,0.688191831111908
m53020_000_2.cmt,1364,0.688191831111908
m53020_000_2.cmt,1365,0.688191831111908
m53020_000_2.cmt,1366,0.688191831111908
m53020_000_2.cmt,1367,0.688191831111908
m53020_000_2.cmt,1368,0.688191831111908
m53020_000_2.cmt,1369,0.688191831111908
m53020_000_2.cmt,1370,0.688191831111908
m53020_000_2.cmt,1371,0.688191831111908
m53020_000_2.cmt,1372,0.688191831111908
m53020_000_2.cmt,1373,0.688191831111908
m53020_000_2.cmt,1374,0.688191831111908
m53020_000_2.cmt,1375,0.688191831111908
m53020_000_2.cmt,1376,0.688191831111908
m53020_000_2.cmt,1377,0.688191831111908
m53020_000_2.cmt,1378,0.688191831111908
m53020_000_2.cmt,1379,0.688191831111908
m53020_000_2.cmt,1380,0.688191831111908
m53020_000_2.cmt,1381,0.688191831111908
m53020_000_2.cmt,1382,0.688191831111908
m53020_000_2.cmt,1383,0.688191831111908
m53020_000_2.cmt,1384,0.688191831111908
m53020_000_2.cmt,1385,0.688191831111908
m53020_000_2.cmt,1386,0.688191831111908
m53020_000_2.cmt,1387,0.688191831111908
m53020_000_2.cmt,1388,0.688191831111908
m53020_000_2.cmt,1389,0.688191831111908
m53020_000_2.cmt,1390,0.688191831111908
m53020_000_2.cmt,1391,0.688191831111908
m53020_000_2.cmt,1392,0.688191831111908
m53020_000_2.cmt,1393,0.688191831111908
m53020_000_2.cmt,1394,0.688191831111908
m53020_000_2.cmt,1395,0.688191831111908
m53020_000_2.cmt,1396,0.688191831111908
m53020_000_2.cmt,1397,0.688191831111908
m53020_000_2.cmt,1398,0.688191831111908
m53020_000_2.cmt,1399,0.688191831111908
m53020_000_2.cmt,1400,0.688191831111908
m53020_000_2.cmt,1401,0.688191831111908
m53020_000_2.cmt,1402,0.688191831111908
m53020_000_2.cmt,1403,0.688191831111908
m53020_000_2.cmt,1404,0.688191831111908
m53020_000_2.cmt,1405,0.688191831111908
m53020_000_2.cmt,1406,0.688191831111908
m53020_000_2.cmt,1407,0.688191831111908
m53020_000_2.cmt,1408,0.688191831111908
m53020_000_2.cmt,1409,0.688191831111908
m53020_000_2.cmt,1410,0.688191831111908
m53020_000_2.cmt,1411,0.688191831111908
m53020_000_2.cmt,1412,0.688191831111908
m53020_000_2.cmt,1413,0.688191831111908
m53020_000_2.cmt,1414,0.688191831111908
m53020_000_2.cmt,1415,0.688191831111908
m53020_000_2.cmt,1416,0.688191831111908
m53020_000_2.cmt,1417,0.688191831111908
m53020_000_2.cmt,1418,0.688191831111908
m53020_000_2.cmt,1419,0.688191831111908
m53020_000_2.cmt,1420,0.688191831111908
m53020_000_2.cmt,1421,0.688191831111908
m53020_000_2.cmt,1422,0.688191831111908
m53020_000_2.cmt,1423,0.688191831111908
m53020_000_2.cmt,1424,0.688191831111908
m53020_000_2.cmt,1425,0.688191831111908
m53020_000_2.cmt,1426,0.688191831111908
m53020_000_2.cmt,1427,0.688191831111908
m53020_000_2.cmt,1428,0.688191831111908
m53020_000_2.cmt,1429,0.688191831111908
m53020_000_2.cmt,1430,0.688191831111908
m53020_000_2.cmt,1431,0.688191831111908
m53020_000_2.cmt,1432,0.688191831111908
m53020_000_2.cmt,1433,0.688191831111908
m53020_000_2.cmt,1434,0.688191831111908
m53020_000_2.cmt,1435,0.688191831111908
m53020_000_2.cmt,1436,0.688191831111908
m53020_000_2.cmt,1437,0.688191831111908
m53020_000_2.cmt,1438,0.688191831111908
m53020_000_2.cmt,1439,0.688191831111908
m53020_000_2.cmt,1440,0.688191831111908
m53020_000_2.cmt,1441,0.688191831111908
m53020_000_2.cmt,1442,0.688191831111908
m53020_000_2.cmt,1443,0.688191831111908
m53020_000_2.cmt,1444,0.688191831111908
m53020_000_2.cmt,1445,0.688191831111908
m53020_000_2.cmt,1446,0.688191831111908
m53020_000_2.cmt,1447,0.688191831111908
m53020_000_2.cmt,1448,0.688191831111908
m53020_000_2.cmt,1449,0.688191831111908
m53020_000_2.cmt,1450,0.688191831111908
m53020_000_2.cmt,1451,0.688191831111908
m53020_000_2.cmt,1452,0.688191831111908
m53020_000_2.cmt,1453,0.688191831111908
m53020_000_2.cmt,1454,0.688191831111908
m53020_000_2.cmt,1455,0.688191831111908
m53020_000_2.cmt,1456,0.688191831111908
m53020_000_2.cmt,1457,0.688191831111908
m53020_000_2.cmt,1458,0.688191831111908
m53020_000_2.cmt,1459,0.688191831111908
m53020_000_2.cmt,1460,0.688191831111908
m53020_000_2.cmt,1461,0.688191831111908
m53020_000_2.cmt,1462,0.688191831111908
m53020_000_2.cmt,1463,0.688191831111908
m53020_000_2.cmt,1464,0.688191831111908
m53020_000_2.cmt,1465,0.688191831111908
m53020_000_2.cmt,1466,0.688191831111908
m53020_000_2.cmt,1467,0.688191831111908
m53020_000_2.cmt,1468,0.688191831111908
m53020_000_2.cmt,1469,0.688191831111908
m53020_000_2.cmt,1470,0.688191831111908
m53020_000_2.cmt,1471,0.688191831111908
m53020_000_2.cmt,1472,0.688191831111908
m53020_000_2.cmt,1473,0.688191831111908
m53020_000_2.cmt,1474,0.688191831111908
m53020_000_2.cmt,1475,0.688191831111908
m53020_000_2.cmt,1476,0.688191831111908
m53020_000_2.cmt,1477,0.688191831111908
m53020_000_2.cmt,1478,0.688191831111908
m53020_000_2.cmt,1479,0.688191831111908
m53020_000_2.cmt,1480,0.688191831111908
m53020_000_2.cmt,1481,0.688191831111908
m53020_000_2.cmt,1482,0.688191831111908
m53020_000_2.cmt,1483,0.688191831111908
m53020_000_2.cmt,1484,0.688191831111908
m53020_000_2.cmt,1485,0.688191831111908
m53020_000_2.cmt,1486,0.688191831111908
m53020_000_2.cmt,1487,0.688191831111908
m53020_000_2.cmt,1488,0.688191831111908
m53020_000_2.cmt,1489,0.688191831111908
m53020_000_2.cmt,1490,0.688191831111908
m53020_000_2.cmt,1491,0.688191831111908
m53020_000_2.cmt,1492,0.688191831111908
m53020_000_2.cmt,1493,0.688191831111908
m53020_000_2.cmt,1494,0.688191831111908
m53020_000_2.cmt,1495,0.688191831111908
m53020_000_2.cmt,1496,0.688191831111908
m53020_000_2.cmt,1497,0.688191831111908
m53020_000_2.cmt,1498,0.688191831111908
m53020_000_2.cmt,1499,0.688191831111908
m53020_000_2.cmt,1500,0.688191831111908
m53020_000_2.cmt,1501,0.688191831111908
m53020_000_2.cmt,1502,0.688191831111908
m53020_000_2.cmt,1503,0.688191831111908
m53020_000_2.cmt,1504,0.688191831111908
m53020_000_2.cmt,1505,0.688191831111908
m53020_000_2.cmt,1506,0.688191831111908
m53020_000_2.cmt,1507,0.688191831111908
m53020_000_2.cmt,1508,0.688191831111908
m53020_000_2.cmt,1509,0.688191831111908
m53020_000_2.cmt,1510,0.688191831111908
m53020_000_2.cmt,1511,0.688191831111908
m53020_000_2.cmt,1512,0.688191831111908
m53020_000_2.cmt,1513,0.688191831111908
m53020_000_2.cmt,1514,0.688191831111908
m53020_000_2.cmt,1515,0.688191831111908
m53020_000_2.cmt,1516,0.688191831111908
m53020_000_2.cmt,1517,0.688191831111908
m53020_000_2.cmt,1518,0.688191831111908
m53020_000_2.cmt,1519,0.688191831111908
m53020_000_2.cmt,1520,0.688191831111908
m53020_000_2.cmt,1521,0.688191831111908
m53020_000_2.cmt,1522,0.688191831111908
m53020_000_2.cmt,1523,0.688191831111908
m53020_000_2.cmt,1524,0.688191831111908
m53020_000_2.cmt,1525,0.688191831111908
m53020_000_2.cmt,1526,0.688191831111908
m53020_000_2.cmt,1527,0.688191831111908
m53020_000_2.cmt,1528,0.688191831111908
m53020_000_2.cmt,1529,0.688191831111908
m53020_000_2.cmt,1530,0.688191831111908
m53020_000_2.cmt,1531,0.688191831111908
m53020_000_2.cmt,1532,0.688191831111908
m53020_000_2.cmt,1533,0.688191831111908
m53020_000_2.cmt,1534,0.688191831111908
m53020_000_2.cmt,1535,0.688191831111908
m53020_000_2.cmt,1536,0.688191831111908
m53020_000_2.cmt,1537,0.688191831111908
m53020_000_2.cmt,1538,0.688191831111908
m53020_000_2.cmt,1539,0.688191831111908
m53020_000_2.cmt,1540,0.688191831111908
m53020_000_2.cmt,1541,0.688191831111908
m53020_000_2.cmt,1542,0.688191831111908
m53020_000_2.cmt,1543,0.688191831111908
m53020_000_2.cmt,1544,0.688191831111908
m53020_000_2.cmt,1545,0.688191831111908
m53020_000_2.cmt,1546,0.688191831111908
m53020_000_2.cmt,1547,0.688191831111908
m53020_000_2.cmt,1548,0.688191831111908
m53020_000_2.cmt,1549,0.688191831111908
m53020_000_2.cmt,1550,0.688191831111908
m53020_000_2.cmt,1551,0.688191831111908
m53020_000_2.cmt,1552,0.688191831111908
m53020_000_2.cmt,1553,0.688191831111908
m53020_000_2.cmt,1554,0.688191831111908
m53020_000_2.cmt,1555,0.688191831111908
m53020_000_2.cmt,1556,0.688191831111908
m53020_000_2.cmt,1557,0.688191831111908
m53020_000_2.cmt,1558,0.688191831111908
m53020_000_2.cmt,1559,0.688191831111908
m53020_000_2.cmt,1560,0.688191831111908
m53020_000_2.cmt,1561,0.688191831111908
m53020_000_2.cmt,1562,0.688191831111908
m53020_000_2.cmt,1563,0.688191831111908
m53020_000_2.cmt,1564,0.688191831111908
m53020_000_2.cmt,1565,0.688191831111908
m53020_000_2.cmt,1566,0.688191831111908
m53020_000_2.cmt,1567,0.688191831111908
m53020_000_2.cmt,1568,0.688191831111908
m53020_000_2.cmt,1569,0.688191831111908
m53020_000_2.cmt,1570,0.688191831111908
m53020_000_2.cmt,1571,0.688191831111908
m53020_000_2.cmt,1572,0.688191831111908
m53020_000_2.cmt,1573,0.688191831111908
m53020_000_2.cmt,1574,0.688191831111908
m53020_000_2.cmt,1575,0.688191831111908
m53020_000_2.cmt,1576,0.688191831111908
m53020_000_2.cmt,1577,0.688191831111908
m53020_000_2.cmt,1578,0.688191831111908
m53020_000_2.cmt,1579,0.688191831111908
m53020_000_2.cmt,1580,0.688191831111908
m53020_000_2.cmt,1581,0.688191831111908
m53020_000_2.cmt,1582,0.688191831111908
m53020_000_2.cmt,1583,0.688191831111908
m53020_000_2.cmt,1584,0.688191831111908
m53020_000_2.cmt,1585,0.688191831111908
m53020_000_2.cmt,1586,0.688191831111908
m53020_000_2.cmt,1587,0.688191831111908
m53020_000_2.cmt,1588,0.688191831111908
m53020_000_2.cmt,1589,0.688191831111908
m53020_000_2.cmt,1590,0.688191831111908
m53020_000_2.cmt,1591,0.688191831111908
m53020_000_2.cmt,1592,0.688191831111908
m53020_000_2.cmt,1593,0.688191831111908
m53020_000_2.cmt,1594,0.688191831111908
m53020_000_2.cmt,1595,0.688191831111908
m53020_000_2.cmt,1596,0.688191831111908
m53020_000_2.cmt,1597,0.688191831111908
m53020_000_2.cmt,1598,0.688191831111908
m53020_000_2.cmt,1599,0.688191831111908
m53020_000_2.cmt,1600,0.688191831111908
m53020_000_2.cmt,1601,0.688191831111908
m53020_000_2.cmt,1602,0.688191831111908
m53020_000_2.cmt,1603,0.688191831111908
m53020_000_2.cmt,1604,0.688191831111908
m53020_000_2.cmt,1605,0.688191831111908
m53020_000_2.cmt,1606,0.688191831111908
m53020_000_2.cmt,1607,0.688191831111908
m53020_000_2.cmt,1608,0.688191831111908
m53020_000_2.cmt,1609,0.688191831111908
m53020_000_2.cmt,1610,0.688191831111908
